{
 "epoch_losses_train": [
  1.75972021484375,
  1.7473690185546875,
  1.749344482421875,
  1.744949462890625,
  1.7304085693359375,
  1.744269775390625,
  1.7422525634765624,
  1.7383204345703125,
  1.74512548828125,
  1.74500048828125
 ],
 "epoch_losses_val": [
  1.6903211683779955,
  1.7819378034770488,
  1.9254108477011322,
  1.6882336543500422,
  1.6549334379285574,
  1.7638072875142097,
  1.5939467114582657,
  1.7796682471781968,
  1.744947305470705,
  1.6579097785800696
 ],
 "epoch_accs_train": [
  0.2035,
  0.2110625,
  0.2145,
  0.209875,
  0.2185,
  0.2165,
  0.21375,
  0.216,
  0.215125,
  0.2105
 ],
 "epoch_accs_val": [
  0.27125,
  0.22625,
  0.22,
  0.27,
  0.23125,
  0.1925,
  0.23,
  0.225,
  0.18875,
  0.13875
 ]
}