{
 "epoch_losses_train": [
  1.8981907958984374,
  1.8855859375,
  1.89346728515625,
  1.9240537109375,
  1.8972542724609376,
  1.9149224853515625,
  1.865991455078125,
  1.8769847412109375,
  1.8938961181640626,
  1.8908043212890624
 ],
 "epoch_losses_val": [
  1.8164342488348484,
  1.8011577577888966,
  1.9775343770906328,
  2.1483984817937016,
  2.3453517157584427,
  1.7819439889118076,
  1.9320282740145922,
  2.0354574635624885,
  1.8826201977953314,
  1.9956175758689643
 ],
 "epoch_accs_train": [
  0.2050625,
  0.201,
  0.2084375,
  0.2078125,
  0.2149375,
  0.204,
  0.2115625,
  0.199125,
  0.2031875,
  0.202125
 ],
 "epoch_accs_val": [
  0.23375,
  0.15375,
  0.215,
  0.15875,
  0.30125,
  0.28625,
  0.08125,
  0.1375,
  0.21125,
  0.0825
 ]
}