{
 "epoch_losses_train": [
  1.61203125,
  1.5991641845703124,
  1.5952442626953125,
  1.6335322265625,
  1.616273193359375,
  1.61295458984375,
  1.6091240234375,
  1.600680419921875,
  1.6099605712890626,
  1.6091370849609374
 ],
 "epoch_losses_val": [
  1.4939646096155048,
  1.3586748079955577,
  1.5214713514223694,
  1.8164928614348173,
  1.604092869386077,
  1.49294520303607,
  1.528308344744146,
  1.7178403533995152,
  1.5936375810205936,
  1.5325067037716509
 ],
 "epoch_accs_train": [
  0.2385625,
  0.25025,
  0.246,
  0.2478125,
  0.2506875,
  0.250625,
  0.2484375,
  0.2544375,
  0.2456875,
  0.2465
 ],
 "epoch_accs_val": [
  0.3525,
  0.41,
  0.365,
  0.08125,
  0.19875,
  0.37,
  0.35875,
  0.135,
  0.29125,
  0.39875
 ]
}