{
 "epoch_losses_train": [
  1.6422767333984376,
  1.6202373046875,
  1.6112071533203125,
  1.5948253173828124,
  1.5880548095703124,
  1.592693603515625,
  1.5941390380859375,
  1.58095263671875,
  1.5801810302734376,
  1.589169189453125
 ],
 "epoch_losses_val": [
  1.581562976539135,
  1.6801293499022723,
  1.5810232257843018,
  1.6525619272515177,
  1.605348125770688,
  1.6739433163404465,
  1.6305797547101974,
  1.6091143357008695,
  1.5422062829509378,
  1.7595775057375431
 ],
 "epoch_accs_train": [
  0.2293125,
  0.2385,
  0.2391875,
  0.24925,
  0.251,
  0.2518125,
  0.247375,
  0.253625,
  0.26125,
  0.2559375
 ],
 "epoch_accs_val": [
  0.26,
  0.28625,
  0.12625,
  0.12125,
  0.18125,
  0.15625,
  0.08625,
  0.2225,
  0.3225,
  0.11125
 ]
}