{
 "epoch_losses_train": [
  1.608283935546875,
  1.5868306884765624,
  1.582369873046875,
  1.58885009765625,
  1.5908843994140625,
  1.585568603515625,
  1.582823974609375,
  1.589727294921875,
  1.58410986328125,
  1.5869276123046876
 ],
 "epoch_losses_val": [
  1.5751320286095143,
  1.6025541672855617,
  1.5600462530180812,
  1.7202250320091843,
  1.7140697835385799,
  1.5354728042334318,
  1.6370783539116383,
  1.6313793829455971,
  1.6393575312197208,
  1.5638933196291327
 ],
 "epoch_accs_train": [
  0.2290625,
  0.2496875,
  0.25275,
  0.24825,
  0.2386875,
  0.251625,
  0.25425,
  0.246,
  0.2525625,
  0.24525
 ],
 "epoch_accs_val": [
  0.35,
  0.355,
  0.27125,
  0.055,
  0.05625,
  0.12,
  0.3575,
  0.075,
  0.22,
  0.25625
 ]
}