{
 "epoch_losses_train": [
  1.6091834716796876,
  1.5911561279296875,
  1.58742578125,
  1.5808253173828124,
  1.5790673828125,
  1.5916865234375,
  1.579661376953125,
  1.581243408203125,
  1.573419921875,
  1.5713369140625
 ],
 "epoch_losses_val": [
  1.5455744605883956,
  1.9376104955747724,
  1.5729070314764977,
  1.6653453727625311,
  1.472371609210968,
  1.5305885422416032,
  1.4832516548782586,
  1.587106699794531,
  1.6986105548590422,
  1.5271108418889343
 ],
 "epoch_accs_train": [
  0.2304375,
  0.2471875,
  0.2480625,
  0.2560625,
  0.253875,
  0.2471875,
  0.2511875,
  0.2555625,
  0.2549375,
  0.259625
 ],
 "epoch_accs_val": [
  0.305,
  0.04125,
  0.3375,
  0.1025,
  0.32625,
  0.3075,
  0.4125,
  0.30625,
  0.07,
  0.35375
 ]
}