{
 "epoch_losses_train": [
  1.6298817138671875,
  1.625438232421875,
  1.6142523193359375,
  1.61314111328125,
  1.613700439453125,
  1.6092275390625,
  1.61410009765625,
  1.612608154296875,
  1.6093863525390626,
  1.6090926513671875
 ],
 "epoch_losses_val": [
  1.86280422963202,
  1.5528180897049606,
  1.7807251524925232,
  1.566988065056503,
  1.4401291117817163,
  1.329950486421585,
  1.5052363711595536,
  1.4714229006320239,
  1.3485611809045077,
  1.678425766378641
 ],
 "epoch_accs_train": [
  0.2249375,
  0.230375,
  0.2459375,
  0.249625,
  0.24825,
  0.257875,
  0.246625,
  0.2465625,
  0.249,
  0.2484375
 ],
 "epoch_accs_val": [
  0.03,
  0.2775,
  0.0725,
  0.275,
  0.3375,
  0.41125,
  0.395,
  0.41875,
  0.3925,
  0.33625
 ]
}