{
 "epoch_losses_train": [
  1.6285255126953124,
  1.6247147216796876,
  1.6178565673828125,
  1.6256588134765626,
  1.6276456298828126,
  1.6216778564453125,
  1.622887939453125,
  1.6088564453125,
  1.6080401611328126,
  1.6224775390625
 ],
 "epoch_losses_val": [
  1.4949119870364667,
  1.7397958225011825,
  1.9992536419630051,
  1.5949799724668265,
  1.6586032141000033,
  1.4939170549064875,
  1.7839658519625663,
  1.5788431042991578,
  1.6170252357423305,
  1.9058915100432932
 ],
 "epoch_accs_train": [
  0.2286875,
  0.2351875,
  0.2423125,
  0.2368125,
  0.238,
  0.2425,
  0.2386875,
  0.246875,
  0.2485,
  0.24725
 ],
 "epoch_accs_val": [
  0.31875,
  0.235,
  0.04625,
  0.17125,
  0.3125,
  0.23125,
  0.185,
  0.31875,
  0.23875,
  0.14625
 ]
}