{
 "epoch_losses_train": [
  1.639266845703125,
  1.6225433349609375,
  1.6240853271484375,
  1.6271688232421875,
  1.64066455078125,
  1.6302537841796876,
  1.6213997802734375,
  1.625677734375,
  1.6241798095703126,
  1.617107177734375
 ],
 "epoch_losses_val": [
  1.5788708059489727,
  1.7436159065738321,
  1.672274910286069,
  1.7873165042698382,
  1.6311165768653155,
  1.5680017352476716,
  1.5273678278177976,
  1.6389459488540887,
  1.5533834682777523,
  1.4452336283028127
 ],
 "epoch_accs_train": [
  0.2285625,
  0.242,
  0.2385625,
  0.23875,
  0.232875,
  0.240125,
  0.2454375,
  0.24925,
  0.246375,
  0.2516875
 ],
 "epoch_accs_val": [
  0.2775,
  0.29125,
  0.40375,
  0.01375,
  0.265,
  0.355,
  0.3725,
  0.36125,
  0.2625,
  0.3125
 ]
}