{
 "epoch_losses_train": [
  1.62831494140625,
  1.622673583984375,
  1.621381591796875,
  1.6155125732421876,
  1.6240244140625,
  1.6388302001953126,
  1.6139505615234375,
  1.6208785400390624,
  1.610298095703125,
  1.619973388671875
 ],
 "epoch_losses_val": [
  1.473794753998518,
  1.4173294532299041,
  1.6324180141836404,
  1.6705395370721816,
  1.5906076975166799,
  1.542194181084633,
  1.5619318506866693,
  1.7986816864460706,
  1.7410394334793091,
  1.4604016983881594
 ],
 "epoch_accs_train": [
  0.2280625,
  0.2356875,
  0.2381875,
  0.246125,
  0.2335,
  0.229375,
  0.2401875,
  0.2396875,
  0.24625,
  0.24425
 ],
 "epoch_accs_val": [
  0.32875,
  0.42625,
  0.15875,
  0.22875,
  0.355,
  0.26375,
  0.3675,
  0.1175,
  0.13875,
  0.3775
 ]
}