{
 "epoch_losses_train": [
  1.6330374755859376,
  1.6533099365234376,
  1.67339794921875,
  1.6484627685546875,
  1.635015869140625,
  1.6499376220703126,
  1.6362135009765626,
  1.6551744384765625,
  1.6517113037109374,
  1.637427978515625
 ],
 "epoch_losses_val": [
  1.5182093739882112,
  1.705136921070516,
  1.4454235554486514,
  1.6956261269748212,
  1.549097937680781,
  1.7307519165426493,
  1.7890078733488917,
  1.6994788917526602,
  1.6134661937505006,
  1.7374545941501855
 ],
 "epoch_accs_train": [
  0.22975,
  0.2310625,
  0.2378125,
  0.247,
  0.2493125,
  0.243625,
  0.2499375,
  0.228375,
  0.232875,
  0.243
 ],
 "epoch_accs_val": [
  0.3125,
  0.235,
  0.3225,
  0.1625,
  0.28125,
  0.16,
  0.23,
  0.17375,
  0.3125,
  0.25375
 ]
}