{
 "epoch_losses_train": [
  1.62326416015625,
  1.6161029052734375,
  1.61103759765625,
  1.598484619140625,
  1.60242919921875,
  1.6086163330078125,
  1.6201123046875,
  1.6106043701171875,
  1.6067672119140626,
  1.59003857421875
 ],
 "epoch_losses_val": [
  1.4249536015093327,
  1.4706785462796688,
  1.6019341110810636,
  1.6770209337770938,
  1.6734575812518597,
  1.4211393236368894,
  1.661542268395424,
  1.4862088334560395,
  1.4924929164350034,
  1.564244890511036
 ],
 "epoch_accs_train": [
  0.2313125,
  0.24125,
  0.240625,
  0.25975,
  0.2473125,
  0.2428125,
  0.235375,
  0.244625,
  0.2521875,
  0.263625
 ],
 "epoch_accs_val": [
  0.40125,
  0.34125,
  0.265,
  0.135,
  0.1875,
  0.37375,
  0.15625,
  0.3075,
  0.39125,
  0.275
 ]
}