{
 "epoch_losses_train": [
  1.661528076171875,
  1.653066162109375,
  1.642028076171875,
  1.6535255126953126,
  1.6429324951171875,
  1.6625634765625,
  1.637370361328125,
  1.6455543212890624,
  1.6619873046875,
  1.6603037109375
 ],
 "epoch_losses_val": [
  1.428796497695148,
  1.4874791154637932,
  1.6499644118733705,
  1.7066329289227724,
  1.70932768560946,
  1.4797345387935639,
  1.658187196776271,
  1.816041558533907,
  1.6335499276965857,
  1.8239616764709354
 ],
 "epoch_accs_train": [
  0.21975,
  0.232875,
  0.2398125,
  0.23275,
  0.2353125,
  0.227,
  0.2299375,
  0.238,
  0.2225625,
  0.228
 ],
 "epoch_accs_val": [
  0.3725,
  0.425,
  0.29875,
  0.305,
  0.37625,
  0.385,
  0.2575,
  0.20125,
  0.17625,
  0.11
 ]
}