{
 "epoch_losses_train": [
  2.132954345703125,
  1.6414462890625,
  1.66909619140625,
  1.7070653076171876,
  1.735086669921875,
  1.8344720458984376,
  1.808867431640625,
  1.916753662109375,
  1.87296435546875,
  2.63539697265625,
  2.1010166015625,
  1.87186865234375,
  1.98117822265625,
  2.251353515625,
  1.9262474365234374,
  2.034554931640625,
  1.9520650634765624,
  2.4343212890625,
  2.029177490234375,
  2.025084716796875,
  2.356594970703125,
  2.100408203125,
  2.13373779296875,
  1.920085205078125,
  2.139151123046875
 ],
 "epoch_losses_val": [
  1.7641057954437565,
  1.430740597693948,
  1.4363116911529414,
  1.880556779781353,
  1.4810728094023944,
  1.9775642301227754,
  1.2722789193624522,
  1.7883065193527727,
  1.4125990580115468,
  1.650920158696681,
  1.8074214299581217,
  2.7694978569727393,
  1.7405111761158332,
  1.892816154462812,
  1.7796709067196934,
  2.1261709233158945,
  2.4511136025650195,
  1.5072430619118586,
  1.8232644507539226,
  2.55556984948837,
  2.563659097592737,
  2.2783338850767088,
  1.5821727769388234,
  1.771309693247117,
  2.0533716438710234
 ],
 "epoch_accs_train": [
  0.32225,
  0.3401875,
  0.3395625,
  0.331875,
  0.328625,
  0.3259375,
  0.3216875,
  0.307625,
  0.3065,
  0.2774375,
  0.287125,
  0.304125,
  0.3025625,
  0.2913125,
  0.2961875,
  0.293375,
  0.2999375,
  0.286875,
  0.2918125,
  0.2995,
  0.285875,
  0.2868125,
  0.2940625,
  0.3015,
  0.3043125
 ],
 "epoch_accs_val": [
  0.3275,
  0.3725,
  0.3625,
  0.3875,
  0.38125,
  0.29875,
  0.4625,
  0.25,
  0.38375,
  0.34125,
  0.2625,
  0.12,
  0.29875,
  0.32125,
  0.28375,
  0.24875,
  0.24,
  0.39375,
  0.3725,
  0.24,
  0.26,
  0.3475,
  0.37,
  0.34375,
  0.28875
 ]
}