{
 "epoch_losses_train": [
  2.499588623046875,
  1.6284222412109375,
  1.80182861328125,
  1.5755650634765626,
  1.5437332763671876,
  1.5665992431640625,
  1.5967366943359376,
  1.5878114013671876,
  1.56992626953125,
  1.635934326171875,
  1.6215970458984375,
  1.6039093017578125,
  1.60343017578125,
  1.61445068359375,
  1.5636209716796876,
  1.6112960205078124,
  1.605269775390625,
  1.7730892333984376,
  1.6199556884765625,
  1.5840081787109375,
  1.579788818359375,
  1.5455615234375,
  1.5620623779296876,
  1.5613388671875,
  1.5464134521484374
 ],
 "epoch_losses_val": [
  1.1838679550449052,
  1.2211767105916078,
  2.0887953006348106,
  1.5340085785968405,
  1.9037126322505216,
  1.6318968693603528,
  1.363339912868105,
  3.021608829558827,
  2.300092843145089,
  2.039660212864401,
  1.325930347244939,
  1.390201647526119,
  1.5678922509630502,
  1.828390345546935,
  1.6483217593317385,
  1.4542326066318219,
  1.2935082631027763,
  1.4508880043082173,
  1.472475649144617,
  1.6028835176807752,
  1.330246538229985,
  2.1763483679527416,
  1.5458997212530086,
  1.327990155279549,
  1.6687873912049667
 ],
 "epoch_accs_train": [
  0.3443125,
  0.367125,
  0.3475625,
  0.373375,
  0.3820625,
  0.3790625,
  0.3641875,
  0.3818125,
  0.3860625,
  0.372125,
  0.3695,
  0.3714375,
  0.36175,
  0.3673125,
  0.3771875,
  0.3689375,
  0.3753125,
  0.348125,
  0.35275,
  0.3755,
  0.378125,
  0.3805625,
  0.3854375,
  0.386625,
  0.385375
 ],
 "epoch_accs_val": [
  0.485,
  0.50125,
  0.23625,
  0.36375,
  0.38125,
  0.3325,
  0.38375,
  0.1175,
  0.31375,
  0.27375,
  0.43125,
  0.37125,
  0.35625,
  0.3175,
  0.37,
  0.40875,
  0.41625,
  0.3075,
  0.37125,
  0.33625,
  0.3875,
  0.2425,
  0.36375,
  0.46375,
  0.365
 ]
}