{
 "epoch_losses_train": [
  7.005587890625,
  4.88077978515625,
  5.636,
  4.4366171875,
  5.19188134765625,
  55.72648828125,
  4.68360888671875,
  4.62749853515625,
  4.3625517578125,
  7.7238349609375,
  6.0464990234375,
  7.0436826171875,
  8.203400390625,
  8.6926474609375,
  18.199880859375,
  31.43285546875,
  24.077865234375,
  21.245447265625,
  21.73815625,
  19.7173515625,
  20.472439453125,
  19.823107421875,
  20.280712890625,
  19.856125,
  19.161564453125
 ],
 "epoch_losses_val": [
  9.984410749797126,
  2.767205819389994,
  6.6754848029149265,
  5.707481216316108,
  4.533140618687232,
  6.973952929612457,
  3.583593640649175,
  2.980620869270924,
  6.664611190469434,
  4.4819311561538075,
  9.823878183886919,
  3.8962996813650506,
  18.635614459878155,
  5.100705872606102,
  18.80853535498531,
  65.7594662178055,
  20.604862373589985,
  29.484152072285607,
  31.594373398322055,
  11.656874505110501,
  17.4266474916883,
  14.10215109328871,
  22.984070371473894,
  27.867155111630144,
  16.471286206547106
 ],
 "epoch_accs_train": [
  0.228875,
  0.2315,
  0.237875,
  0.243625,
  0.2459375,
  0.243,
  0.263375,
  0.263875,
  0.250625,
  0.24525,
  0.2686875,
  0.2481875,
  0.254125,
  0.250375,
  0.251375,
  0.2520625,
  0.2771875,
  0.2901875,
  0.2945,
  0.307375,
  0.3116875,
  0.3113125,
  0.314625,
  0.31475,
  0.3154375
 ],
 "epoch_accs_val": [
  0.3325,
  0.3625,
  0.13125,
  0.1875,
  0.3375,
  0.24375,
  0.24875,
  0.21,
  0.145,
  0.35,
  0.35875,
  0.32125,
  0.2125,
  0.27625,
  0.38125,
  0.21,
  0.3575,
  0.33,
  0.18125,
  0.45375,
  0.27375,
  0.39625,
  0.29125,
  0.18375,
  0.315
 ]
}