{
 "epoch_losses_train": [
  5.48912158203125,
  11.1252138671875,
  10.9534462890625,
  12.78003125,
  12.8143330078125,
  19.40696484375,
  18.715373046875,
  14.59296875,
  14.012091796875,
  12.904,
  18.15350390625,
  17.47302734375,
  18.231240234375,
  17.841998046875,
  17.8242265625,
  15.5351044921875,
  16.983455078125,
  NaN,
  NaN,
  NaN,
  NaN,
  NaN,
  NaN,
  NaN,
  NaN
 ],
 "epoch_losses_val": [
  4.52350750193722,
  17.428089292508126,
  14.744626354610483,
  8.541943404571473,
  15.485728788761604,
  23.420240516252502,
  18.440189355475155,
  15.68094787292142,
  20.588693337217283,
  15.603199337852397,
  13.358598994270055,
  18.374935630092065,
  8.665264807451635,
  19.52583564941121,
  29.046799388362455,
  15.535704297299251,
  38.98689235813262,
  NaN,
  NaN,
  NaN,
  NaN,
  NaN,
  NaN,
  NaN,
  NaN
 ],
 "epoch_accs_train": [
  0.2295625,
  0.2270625,
  0.2285,
  0.2369375,
  0.23825,
  0.23325,
  0.239375,
  0.246625,
  0.2439375,
  0.2493125,
  0.2406875,
  0.2508125,
  0.2498125,
  0.2503125,
  0.25,
  0.256375,
  0.263125,
  0.2099375,
  0.2,
  0.2,
  0.2,
  0.2,
  0.2,
  0.2,
  0.2
 ],
 "epoch_accs_val": [
  0.30375,
  0.09125,
  0.205,
  0.17375,
  0.19125,
  0.1475,
  0.26375,
  0.26,
  0.12625,
  0.0925,
  0.18375,
  0.205,
  0.29,
  0.285,
  0.2175,
  0.26875,
  0.39875,
  0.4,
  0.4,
  0.4,
  0.4,
  0.4,
  0.4,
  0.4,
  0.4
 ]
}