{
 "epoch_losses_train": [
  4.40962890625,
  2.017360595703125,
  1.9977298583984375,
  1.963826171875,
  1.8543953857421875,
  1.854139404296875,
  1.9267408447265626,
  1.839726806640625,
  1.8295228271484374,
  1.8359931640625
 ],
 "epoch_losses_val": [
  1.8431759086018429,
  1.732753861444071,
  2.213814893178642,
  1.480297646522522,
  1.7588642773777245,
  1.32168685156852,
  1.8216235364601017,
  1.8811091559380293,
  2.1458556266874074,
  1.3886805801466107
 ],
 "epoch_accs_train": [
  0.208,
  0.21675,
  0.220625,
  0.2303125,
  0.2301875,
  0.2290625,
  0.2280625,
  0.23075,
  0.2276875,
  0.2280625
 ],
 "epoch_accs_val": [
  0.1925,
  0.265,
  0.275,
  0.30125,
  0.04,
  0.30875,
  0.08125,
  0.21875,
  0.0275,
  0.33
 ]
}