{
 "epoch_losses_train": [
  2.1979208984375,
  1.6015701904296875,
  1.555142578125,
  1.6672188720703125,
  1.571228759765625,
  1.641643310546875,
  1.6501669921875,
  1.605052978515625,
  1.5989534912109375,
  1.554333984375
 ],
 "epoch_losses_val": [
  1.3081524080820963,
  1.6203351892893534,
  1.874142577296716,
  1.76810912132488,
  1.5105720417533797,
  1.9229680357218377,
  1.190863260507831,
  1.1737559598394,
  1.9718988632053396,
  1.5525247353554006
 ],
 "epoch_accs_train": [
  0.3495,
  0.3704375,
  0.379,
  0.332875,
  0.375125,
  0.36225,
  0.35575,
  0.380875,
  0.3774375,
  0.391125
 ],
 "epoch_accs_val": [
  0.46375,
  0.36625,
  0.32625,
  0.4275,
  0.38375,
  0.39875,
  0.47375,
  0.475,
  0.385,
  0.3325
 ]
}