{
 "epoch_losses_train": [
  2.748370849609375,
  1.7675321044921875,
  1.809302978515625,
  1.820216796875,
  1.83433056640625,
  1.8164112548828124,
  1.7995447998046874,
  1.84720068359375,
  1.81465869140625,
  1.8236373291015624
 ],
 "epoch_losses_val": [
  1.7386323434114457,
  1.6609433577349408,
  1.7542865560587961,
  2.1061706752609464,
  2.052597913623322,
  1.8922241348831448,
  1.82810062661767,
  1.975816531308228,
  2.1280141098052265,
  2.301396439597011
 ],
 "epoch_accs_train": [
  0.2023125,
  0.2106875,
  0.2245,
  0.22775,
  0.2305625,
  0.227875,
  0.2321875,
  0.2216875,
  0.2214375,
  0.2214375
 ],
 "epoch_accs_val": [
  0.375,
  0.29625,
  0.33125,
  0.0725,
  0.1775,
  0.3125,
  0.0,
  0.35375,
  0.08125,
  0.07
 ]
}