{
 "epoch_losses_train": [
  2.265950439453125,
  1.70115576171875,
  1.8342274169921875,
  1.8081866455078126,
  1.8076102294921874,
  1.81565673828125,
  1.790140380859375,
  1.7935853271484374,
  1.8317611083984375,
  1.7788162841796875
 ],
 "epoch_losses_val": [
  1.5826307071489283,
  1.4032959705096437,
  1.5666620852053166,
  1.5224643965810538,
  1.8661826332658529,
  2.052285700365901,
  1.4868732566386462,
  2.416391076333821,
  2.129296752810478,
  2.5071371703594925
 ],
 "epoch_accs_train": [
  0.2395625,
  0.3016875,
  0.273875,
  0.21875,
  0.228,
  0.2315625,
  0.2269375,
  0.245375,
  0.2506875,
  0.2564375
 ],
 "epoch_accs_val": [
  0.26625,
  0.4025,
  0.13875,
  0.28125,
  0.13125,
  0.06875,
  0.265,
  0.29,
  0.01,
  0.00875
 ]
}