{
 "epoch_losses_train": [
  2.41616943359375,
  1.7982054443359374,
  1.786746337890625,
  1.7904559326171876,
  1.7951483154296874,
  1.815271728515625,
  1.7867891845703125,
  1.812864013671875,
  1.814666748046875,
  1.8134525146484375
 ],
 "epoch_losses_val": [
  1.6474411559849977,
  1.8099627596512438,
  1.513679628148675,
  2.022130423039198,
  1.6060506483656354,
  1.7825632687448525,
  1.9276986016705633,
  2.251170377954841,
  1.7829879130795598,
  1.9095312813296914
 ],
 "epoch_accs_train": [
  0.2076875,
  0.229125,
  0.236,
  0.23625,
  0.2291875,
  0.2298125,
  0.2256875,
  0.2255,
  0.2248125,
  0.228375
 ],
 "epoch_accs_val": [
  0.1625,
  0.1575,
  0.14125,
  0.1925,
  0.2725,
  0.215,
  0.0875,
  0.13,
  0.14625,
  0.18
 ]
}