{
 "epoch_losses_train": [
  2.188281494140625,
  1.7979549560546875,
  1.797861328125,
  1.8063072509765625,
  7.20303466796875,
  7.698228515625,
  6.3081689453125,
  5.6079658203125,
  5.74212109375,
  6.15396923828125
 ],
 "epoch_losses_val": [
  1.6701978214457631,
  1.868850461356342,
  1.7180804958194493,
  1.5762294652010314,
  8.970117616952521,
  11.345147288509175,
  6.649806783199311,
  2.620879951522802,
  2.221778990535604,
  4.759218428382028
 ],
 "epoch_accs_train": [
  0.221875,
  0.2246875,
  0.232375,
  0.225125,
  0.2170625,
  0.2091875,
  0.2149375,
  0.2193125,
  0.219,
  0.2109375
 ],
 "epoch_accs_val": [
  0.30625,
  0.15375,
  0.1225,
  0.33625,
  0.31,
  0.19625,
  0.0025,
  0.1775,
  0.25,
  0.18625
 ]
}