{
 "epoch_losses_train": [
  2.232964111328125,
  3.244421630859375,
  2.148703369140625,
  2.067227294921875,
  2.0077081298828126,
  1.9742012939453124,
  1.9219593505859376,
  2.04336767578125,
  1.978516845703125,
  1.877561767578125
 ],
 "epoch_losses_val": [
  1.2988501068862388,
  2.1572122130333446,
  2.3775711035728455,
  2.641338363066316,
  1.367722810044652,
  1.4776349490177927,
  2.280738314643386,
  1.629803352217423,
  1.9188712342810141,
  1.8439601130961456
 ],
 "epoch_accs_train": [
  0.2839375,
  0.2290625,
  0.2266875,
  0.2400625,
  0.260125,
  0.2766875,
  0.2979375,
  0.3046875,
  0.3113125,
  0.3194375
 ],
 "epoch_accs_val": [
  0.44625,
  0.32375,
  0.0325,
  0.00375,
  0.395,
  0.38875,
  0.18125,
  0.42625,
  0.35,
  0.2875
 ]
}