{
 "epoch_losses_train": [
  2.605162109375,
  1.797199951171875,
  1.8343392333984374,
  1.8113375244140626,
  1.8106903076171874,
  1.84482421875,
  1.825436767578125,
  1.806778564453125,
  1.845670654296875,
  1.8307991943359374
 ],
 "epoch_losses_val": [
  2.414967195093632,
  1.5680302132130601,
  1.4315320632606745,
  1.5516011218354107,
  1.722016176879406,
  2.0286426350474356,
  2.329546578116715,
  2.0364948635548354,
  1.7332385073621117,
  1.9939183707535266
 ],
 "epoch_accs_train": [
  0.203375,
  0.2040625,
  0.2194375,
  0.2233125,
  0.228625,
  0.2296875,
  0.227625,
  0.228875,
  0.224875,
  0.2251875
 ],
 "epoch_accs_val": [
  0.0,
  0.32375,
  0.33375,
  0.2825,
  0.2675,
  0.00125,
  0.19375,
  0.055,
  0.215,
  0.00875
 ]
}