{
 "epoch_losses_train": [
  2.3819130859375,
  1.9776884765625,
  1.800427001953125,
  1.8218531494140624,
  1.81309326171875,
  1.80125537109375,
  1.815662109375,
  1.8110029296875,
  1.842595947265625,
  1.839675537109375
 ],
 "epoch_losses_val": [
  2.044170467299409,
  1.7319464964978397,
  1.4662335572019218,
  1.5676599571297993,
  1.7864475897792726,
  1.5999850855395197,
  1.9284843812137842,
  1.8145869882032275,
  1.8119740314781665,
  1.8431342322472484
 ],
 "epoch_accs_train": [
  0.213125,
  0.2166875,
  0.2301875,
  0.228375,
  0.2321875,
  0.2291875,
  0.2291875,
  0.2268125,
  0.2205,
  0.2221875
 ],
 "epoch_accs_val": [
  0.3575,
  0.19375,
  0.3475,
  0.29625,
  0.255,
  0.2425,
  0.1225,
  0.13875,
  0.0,
  0.2725
 ]
}