{
 "epoch_losses_train": [
  2.31591796875,
  1.6708612060546875,
  1.9769765625,
  1.7429443359375,
  1.77252880859375,
  1.798597412109375,
  1.8068203125,
  1.7818248291015626,
  1.7957332763671876,
  1.8316434326171875
 ],
 "epoch_losses_val": [
  1.7588252123288113,
  1.480623580890242,
  1.6374041103199124,
  1.5404890829883515,
  2.328944423587527,
  1.809761621952057,
  1.6816301599144936,
  1.3788201360777022,
  1.6261542709113563,
  2.487977639697492
 ],
 "epoch_accs_train": [
  0.297875,
  0.3178125,
  0.262125,
  0.2720625,
  0.2745,
  0.2513125,
  0.2488125,
  0.2465625,
  0.2500625,
  0.24425
 ],
 "epoch_accs_val": [
  0.2525,
  0.3725,
  0.26,
  0.245,
  0.20875,
  0.0675,
  0.135,
  0.4025,
  0.2725,
  0.11375
 ]
}