{
 "epoch_losses_train": [
  2.576086181640625,
  2.440869140625,
  3.2261337890625,
  2.927131591796875,
  3.610625732421875,
  3.59187841796875,
  3.814860107421875,
  3.0237333984375,
  2.98144140625,
  4.2543935546875,
  3.459702392578125,
  3.807426513671875,
  3.96189697265625,
  3.562725341796875,
  3.25958203125,
  3.1684931640625,
  4.4477802734375,
  3.318530029296875,
  3.759140380859375,
  4.22748486328125,
  4.47901708984375,
  3.308188720703125,
  4.01409716796875,
  3.4859404296875,
  4.36010498046875
 ],
 "epoch_losses_val": [
  2.1747519661672414,
  2.258054185125511,
  3.0636372065775688,
  2.9005359785055043,
  3.1573246795687933,
  4.808469924275778,
  2.627668560956502,
  3.9234777709346758,
  3.8508041851122834,
  5.839415106033517,
  3.1404357791384605,
  4.870088852360482,
  9.547390516128358,
  3.064538137507625,
  2.771496188101446,
  3.07758812950924,
  3.0949954761158436,
  1.9971490672021173,
  3.473426083657639,
  2.354366977424276,
  1.9729531769634923,
  3.717558303264296,
  3.5865937180020047,
  4.289049265109497,
  3.0940929252367084
 ],
 "epoch_accs_train": [
  0.2341875,
  0.2435625,
  0.243375,
  0.2441875,
  0.2484375,
  0.246,
  0.257375,
  0.2558125,
  0.258125,
  0.2560625,
  0.2625,
  0.258625,
  0.254,
  0.2591875,
  0.256625,
  0.257375,
  0.2614375,
  0.262875,
  0.2521875,
  0.2553125,
  0.2594375,
  0.2695625,
  0.259125,
  0.2671875,
  0.265875
 ],
 "epoch_accs_val": [
  0.21375,
  0.24375,
  0.28,
  0.11,
  0.2875,
  0.195,
  0.39,
  0.19,
  0.1775,
  0.35,
  0.2925,
  0.16,
  0.19625,
  0.1275,
  0.2875,
  0.21875,
  0.23125,
  0.34625,
  0.2775,
  0.41625,
  0.35125,
  0.3625,
  0.2325,
  0.16625,
  0.3125
 ]
}