{
 "epoch_losses_train": [
  2.87442236328125,
  2.40884716796875,
  2.231158203125,
  2.151244384765625,
  2.4791865234375,
  2.19164794921875,
  2.57938818359375,
  2.372450439453125,
  2.09722802734375,
  2.08503466796875,
  2.1964580078125,
  2.071078857421875,
  1.955275146484375,
  1.826286865234375,
  2.19529443359375,
  2.177790283203125,
  2.2215166015625,
  2.477443359375,
  2.16601123046875,
  2.013544921875,
  2.0347354736328125,
  2.138682373046875,
  2.2955791015625,
  2.130688232421875,
  2.368971923828125
 ],
 "epoch_losses_val": [
  3.0368127076022144,
  2.7328682614820536,
  1.8958503716368784,
  1.811059943241271,
  1.9377447561029357,
  1.9285284045445803,
  4.372492948717366,
  1.7083089257964639,
  1.5690554336496279,
  1.6426261328416836,
  2.2728772508185555,
  1.9828382319798856,
  2.3481307081988847,
  2.897148380385479,
  1.477407834831144,
  1.2114941041013845,
  1.770363752034127,
  1.7848265385449305,
  2.530418491762987,
  2.5663989180731814,
  1.6734823858705385,
  2.3601335343555547,
  3.775339909149334,
  2.5530080762625937,
  7.0802781476785865
 ],
 "epoch_accs_train": [
  0.3179375,
  0.3609375,
  0.3730625,
  0.371375,
  0.342625,
  0.3504375,
  0.3359375,
  0.333875,
  0.35725,
  0.361625,
  0.362125,
  0.3664375,
  0.3729375,
  0.37575,
  0.3625,
  0.3616875,
  0.35525,
  0.3513125,
  0.3595,
  0.3673125,
  0.3546875,
  0.352375,
  0.3490625,
  0.351875,
  0.3466875
 ],
 "epoch_accs_val": [
  0.39625,
  0.335,
  0.40875,
  0.36,
  0.4175,
  0.2975,
  0.32875,
  0.28375,
  0.2975,
  0.3625,
  0.19625,
  0.3225,
  0.19,
  0.19125,
  0.43375,
  0.52125,
  0.33625,
  0.37875,
  0.3525,
  0.36625,
  0.34,
  0.2,
  0.08125,
  0.26625,
  0.2725
 ]
}