{
 "epoch_losses_train": [
  1.360131984908794,
  1.1676693310577249,
  1.0677502084317296,
  0.9869501033008841,
  0.9183792306681473,
  0.8659499080787851,
  0.800584410278094,
  0.7413119256034589,
  0.6588301423158923,
  0.6201891141863679,
  0.5225259108207664,
  0.5123760083082556,
  0.42354034541803576,
  0.36125124890987664,
  0.2991966360244552
 ],
 "epoch_losses_val": [
  1.0666767634268035,
  1.07503977014916,
  1.0183855477394537,
  1.0949163875950034,
  1.037145269664179,
  1.0682192782590574,
  1.046396633216118,
  1.2611690018250192,
  1.1110617832496836,
  1.1332981692005706,
  1.2427827331106118,
  1.645600892749278,
  1.3708893693505884,
  1.418729969291184,
  1.525090818890473
 ],
 "epoch_accs_train": [
  0.417375,
  0.5071875,
  0.5435,
  0.5789375,
  0.609875,
  0.63425,
  0.66925,
  0.696,
  0.732875,
  0.7563125,
  0.7896875,
  0.8084375,
  0.8398125,
  0.871125,
  0.8955
 ],
 "epoch_accs_val": [
  0.54875,
  0.52625,
  0.575,
  0.51875,
  0.53375,
  0.56875,
  0.53375,
  0.505,
  0.565,
  0.54625,
  0.5,
  0.49625,
  0.53375,
  0.515,
  0.5425
 ]
}