{
 "epoch_losses_train": [
  1.343732394639398,
  1.1537390905934481,
  1.0568371086968733,
  0.9697345790327616,
  0.8944605590523891,
  0.8225278074377436,
  0.7244027506816934,
  0.6659876070854305,
  0.5740051051294299,
  0.4889408401307265,
  0.405747009142918,
  0.35497631835702514,
  0.3154568369482302,
  0.25084885837129206,
  0.20038128008230746
 ],
 "epoch_losses_val": [
  1.065815338343382,
  1.1363875412591733,
  0.9842514483025298,
  0.9927430197177455,
  1.1573362975585768,
  0.9497422643040773,
  1.2207789930457602,
  1.3140726564626493,
  1.1502168138772595,
  1.4182137873774565,
  1.8137738787371958,
  1.7916600319881508,
  1.5748370658405961,
  1.679476496606211,
  2.135629446714272
 ],
 "epoch_accs_train": [
  0.42475,
  0.513125,
  0.546875,
  0.5911875,
  0.6305625,
  0.660625,
  0.7078125,
  0.7421875,
  0.7803125,
  0.8196875,
  0.8565,
  0.8775,
  0.8946875,
  0.9184375,
  0.9370625
 ],
 "epoch_accs_val": [
  0.54125,
  0.4925,
  0.55625,
  0.565,
  0.53,
  0.575,
  0.5075,
  0.48375,
  0.54125,
  0.51125,
  0.48375,
  0.5075,
  0.5125,
  0.52875,
  0.50125
 ]
}