{
 "epoch_losses_train": [
  1.3909130616837369,
  1.174516985429514,
  1.096391347603876,
  1.048758777111679,
  0.9666113505692352,
  0.9228755527945808,
  0.9025692157232781,
  0.8722278297143164,
  0.8114232774083062,
  0.7679761551708009,
  0.7661005275784264,
  0.7142048442829345,
  0.6688398630524012,
  0.6793615716073911,
  0.6347910761325586
 ],
 "epoch_losses_val": [
  1.375596506651491,
  1.2767362865738687,
  0.9857856700422962,
  1.0789474252819355,
  1.079210944282919,
  1.0253618312090294,
  1.0556802005662258,
  1.0989095021794675,
  0.9865427021433879,
  1.2267791707593825,
  1.4392468611802747,
  1.051779955676317,
  1.1324680835387324,
  0.9886142118432645,
  1.2795702385507166
 ],
 "epoch_accs_train": [
  0.3945625,
  0.498375,
  0.5251875,
  0.551125,
  0.58575,
  0.601625,
  0.6169375,
  0.6238125,
  0.650625,
  0.6765,
  0.67525,
  0.7025625,
  0.7219375,
  0.7219375,
  0.740875
 ],
 "epoch_accs_val": [
  0.315,
  0.39625,
  0.53,
  0.5075,
  0.49,
  0.54125,
  0.5125,
  0.54125,
  0.55625,
  0.48625,
  0.42625,
  0.565,
  0.50625,
  0.56375,
  0.505
 ]
}