{
 "epoch_losses_train": [
  1.3452320203005683,
  1.150150369807642,
  1.0558571636113412,
  0.9671947071616599,
  0.8930760973666911,
  0.8152359452572641,
  0.7199814402645633,
  0.6237692776656273,
  0.5517455910027661,
  0.46506290483597856,
  0.38582845946634226,
  0.36887837534501344,
  0.30668236711624386,
  0.27011615600213223,
  0.2498738981250859
 ],
 "epoch_losses_val": [
  1.0494209247943944,
  1.1115586576296481,
  0.9575884018256329,
  1.0863197397470867,
  1.0939697129993806,
  1.0008348563860636,
  1.325261147601301,
  1.3132551737152385,
  1.1807486712385895,
  1.474972610354123,
  1.9968167136999677,
  1.7533921751832258,
  1.9824807780243066,
  1.7863341435221156,
  2.708977954873842
 ],
 "epoch_accs_train": [
  0.42425,
  0.5123125,
  0.548375,
  0.5905,
  0.63025,
  0.6634375,
  0.7138125,
  0.7595,
  0.7963125,
  0.83425,
  0.8636875,
  0.8755625,
  0.9013125,
  0.9158125,
  0.924125
 ],
 "epoch_accs_val": [
  0.5525,
  0.49375,
  0.56125,
  0.53375,
  0.55375,
  0.565,
  0.50375,
  0.5,
  0.55125,
  0.51125,
  0.4725,
  0.4975,
  0.5225,
  0.51,
  0.45
 ]
}