{
 "epoch_losses_train": [
  1.3480625720767083,
  1.1522767337891568,
  1.0554421257345337,
  0.9706887421009792,
  0.9056000629541893,
  0.835996062817551,
  0.7528987551258535,
  0.6640437530100799,
  0.6083298610161714,
  0.503211160730314,
  0.4377486522574351,
  0.4293958713337697,
  0.3390782726953995,
  0.33053742425750776,
  0.26821820843623806
 ],
 "epoch_losses_val": [
  1.0836394087737427,
  1.1330230690259486,
  0.9704992850674171,
  1.1552451759089308,
  1.034536665575506,
  1.0249102968600277,
  1.2199625176594775,
  1.2886208857652697,
  1.1538581035148219,
  1.2439765644609337,
  1.8777443300637964,
  1.4861989779818197,
  1.4981975854265506,
  1.6819055340418845,
  2.026129507595703
 ],
 "epoch_accs_train": [
  0.424875,
  0.512,
  0.5494375,
  0.586125,
  0.621,
  0.653375,
  0.6888125,
  0.7371875,
  0.7685625,
  0.8134375,
  0.839125,
  0.852,
  0.8865625,
  0.89075,
  0.9105625
 ],
 "epoch_accs_val": [
  0.54125,
  0.45625,
  0.56375,
  0.49375,
  0.55375,
  0.5525,
  0.53875,
  0.50125,
  0.56125,
  0.54125,
  0.52375,
  0.4975,
  0.5275,
  0.54375,
  0.5025
 ]
}